TANGGAL,TN,TX,TAVG,RH_AVG,RR,SS,FF_X,DDD_X,FF_AVG,DDD_CAR,,ID WMO,96791
01-01-2024,25.6,34.4,28.4,87,5.1,5.1,2,310,0,C,,Nama Stasiun,Stasiun Meteorologi Kertajati
02-01-2024,26,34.1,28.5,89,17.1,4.7,2,20,0,C,,Periode,01-01-2024 - 31-12-2024
03-01-2024,26,29.8,27.7,91,36.2,3.4,1,300,0,C,,Lintang,-673.440
04-01-2024,26.1,28.6,26.3,94,8888,0,2,290,0,C,,Bujur,10.826.300
05-01-2024,24.5,33.6,28.1,83,3.5,0,3,320,1,C,,Elevasi,85 Meter
06-01-2024,24.1,35.8,27.1,84,0.7,2.4,3,130,1,C,,,
07-01-2024,25.2,34.5,27.3,87,12.7,5.8,4,270,1,C,,,
08-01-2024,24.1,31.1,27.1,89,25.5,5.8,2,350,0,C,,KETERANGAN:,
09-01-2024,25.4,34.8,28.2,86,6.5,4.4,3,220,0,C,,8888: Data tidak terukur,
10-01-2024,25.3,33.9,26.8,88,8888,4.5,3,330,1,C,,9999: Tidak Ada Data (tidak dilakukan pengukuran),
11-01-2024,23.1,33.4,26.1,89,36.1,2.7,3,160,0,C,,Tn: Temperatur minimum (°C),
12-01-2024,24.2,34.4,28.8,81,13.8,3.5,2,340,1,C,,Tx: Temperatur maksimum(°C),
13-01-2024,24.1,34.4,28.6,82,2.5,7.1,3,300,1,C,,Tavg: Temperatur rata-rata(°C),
14-01-2024,24.5,33.9,28.6,81,35.5,6.3,4,100,1,C,,RH_avg: Kelembapan rata-rata(%),
15-01-2024,25.2,33.4,28.6,84,0,5.7,2,310,0,C,,RR: Curah hujan(mm),
16-01-2024,26.2,34.6,28.2,86,0,2.1,3,300,1,C,,ss: Lamanya penyinaran matahari(jam),
17-01-2024,25.2,32.6,27.1,86,11,6.8,5,300,1,C,,ff_x: Kecepatan angin maksimum(m/s),
18-01-2024,25.3,32.4,27.1,87,1.5,2.3,2,300,0,C,,ddd_x: Arah angin saat kecepatan maksimum(°),
19-01-2024,25.2,29.8,26.7,91,32.5,0.6,3,300,1,C,,ff_avg: Kecepatan angin rata-rata(m/s),
20-01-2024,24.2,34.8,28.6,80,0.3,0.6,2,300,0,C,,ddd_car: Arah angin terbanyak(°),
21-01-2024,23.4,2.2,28.9,80,8888,7.1,4,330,0,C,,,
22-01-2024,23.6,33.4,28.1,87,30.12,6.1,2,340,1,C,,,
23-01-2024,25,33.7,28.7,81,7.5,3.1,3,200,1,C,,,
24-01-2024,24.9,33.2,27.1,88,8888,2.9,3,270,1,C,,,
25-01-2024,24.3,34.2,27.2,86,5.4,4.9,3,320,1,C,,,
26-01-2024,23.1,33.2,28.3,87,38.5,6.7,3,340,1,C,,,
27-01-2024,25.4,32.6,28.2,86,4.5,5.5,5,320,1,C,,,
28-01-2024,25.3,31.1,27.1,86,31.12,4.4,3,280,1,C,,,
29-01-2024,25.6,30.2,27.6,88,31.12,4.1,4,310,1,C,,,
30-01-2024,25.5,1.2,27.1,86,2.1,1.9,4,310,1,C,,,
31-01-2024,24.8,31.1,25.6,91,4.8,5.2,4,260,1,C,,,
01-02-2024,23.2,2.2,26.9,88,60.3,1.4,3,330,1,C,,,
02-02-2024,24.4,33.4,26.9,90,60.7,6.8,3,130,0,C,,,
03-02-2024,24.1,32.8,26.9,88,2,4.3,3,320,1,C,,,
04-02-2024,24.3,33.2,27.1,89,12.2,4.9,4,300,1,C,,,
05-02-2024,24.3,33.4,26.9,88,11.8,5.6,5,320,1,C,,,
06-02-2024,24.4,33.3,26.5,88,6.5,5.5,3,310,1,C,,,
07-02-2024,24,32.4,26.9,87,31.12,3.8,3,290,1,C,,,
08-02-2024,24.4,33.8,27.1,85,0.2,3.6,2,350,1,C,,,
09-02-2024,24.5,34.8,28.6,83,0.8,5.9,3,330,1,C,,,
10-02-2024,25.1,31.1,25.8,92,1,8.6,3,120,1,C,,,
11-02-2024,23.1,33.6,26.9,88,8.2,1,4,320,1,C,,,
12-02-2024,24.3,32.8,27.8,87,29.3,7.4,4,300,1,C,,,
13-02-2024,24.8,2.2,29.2,83,30.12,5.5,4,330,1,C,,,
14-02-2024,25,31.1,27.7,88,0,7.3,3,300,1,C,,,
15-02-2024,25.2,34.4,27.5,89,8888,1.4,3,100,1,C,,,
16-02-2024,24.8,34.8,28.7,85,0.3,5.3,3,330,1,C,,,
17-02-2024,24.1,33.8,27.6,87,26.8,7.5,3,300,1,C,,,
18-02-2024,24.1,33.6,27.7,85,0.4,5.3,3,320,1,C,,,
19-02-2024,24.1,34.8,28.3,84,0,6.1,3,340,1,C,,,
20-02-2024,24.8,34.2,28.1,84,31.8,6.7,3,350,1,C,,,
21-02-2024,25.3,34.4,28.2,85,0.1,8.1,3,300,1,C,,,
22-02-2024,24.5,34.6,29.1,83,5.2,4.2,2,350,1,C,,,
23-02-2024,24.1,33.4,28.6,84,30.12,8.8,2,210,1,C,,,
24-02-2024,24.8,33.8,27.8,86,6.7,1.1,3,330,1,C,,,
25-02-2024,24.3,32.6,26.1,89,37.1,3.9,4,320,1,C,,,
26-02-2024,24.4,33.4,28.6,86,36.5,4.2,3,320,1,C,,,
27-02-2024,25,3.2,27.8,86,0.1,4.7,4,330,1,C,,,
28-02-2024,24.2,31.1,28.1,87,68.2,7.9,3,300,1,C,,,
29-02-2024,25.4,34,28.5,84,1.5,2.1,4,330,1,C,,,
01-03-2024,25.4,33.8,27.3,88,30.12,4.4,3,310,1,C,,,
02-03-2024,24.2,32.8,26.8,91,28.1,5.7,2,300,0,C,,,
03-03-2024,24.1,1.2,27.9,88,23.3,4.6,4,310,1,C,,,
04-03-2024,25.2,33.8,28.1,87,0.1,4.5,2,200,0,C,,,
05-03-2024,24.9,34.7,27.5,86,1.1,5.4,4,200,1,C,,,
06-03-2024,24.2,34.6,27.6,89,32,5.8,3,320,1,C,,,
07-03-2024,24.8,1.2,28.2,90,21.5,5.4,2,320,0,C,,,
08-03-2024,25.6,32.9,28.2,88,0.3,3.1,2,320,0,C,,,
09-03-2024,-,-,-,93,8888,2.3,3,300,0,C,,,
10-03-2024,24.2,30.1,26.3,92,19.6,0,7,310,0,C,,,
11-03-2024,24.4,30.2,26.8,91,29.9,0,4,280,1,C,,,
12-03-2024,24.8,30.9,27,89,9.2,0.7,5,300,1,C,,,
13-03-2024,24.8,31.2,26.5,91,0.4,1.6,5,300,2,W,,,
14-03-2024,24.4,30,25.7,93,28.6,0.3,4,300,1,C,,,
15-03-2024,23.1,29.1,26.7,87,13.5,0.7,4,300,1,C,,,
16-03-2024,24.2,32.4,27.3,85,1.5,1.1,4,300,1,C,,,
17-03-2024,23.1,32.5,26.8,86,0.5,7,5,300,1,C,,,
18-03-2024,23.2,33.2,27.8,84,8888,3.4,4,320,1,C,,,
19-03-2024,23.2,35.4,29.5,80,30.12,5.7,3,330,1,C,,,
20-03-2024,24.4,34.9,29.8,79,0,9.4,2,320,1,C,,,
21-03-2024,24.4,34.7,28.1,81,0.2,9.1,4,320,1,C,,,
22-03-2024,24.8,33.6,28.6,83,0,7.9,3,330,1,C,,,
23-03-2024,25.2,34.4,29.2,83,0,5.4,4,100,1,C,,,
24-03-2024,25.4,34.4,29.6,82,0.8,5.9,2,10,0,C,,,
25-03-2024,25.2,34.6,29.1,81,0,7.4,2,320,1,C,,,
26-03-2024,24.5,34.8,29.5,80,30.12,6.5,3,280,1,C,,,
27-03-2024,24.5,34.1,27.2,88,30.12,7.7,4,140,1,C,,,
28-03-2024,24.4,34.2,26.7,88,1.1,4.7,3,100,0,C,,,
29-03-2024,23.8,33.4,27.1,86,29.1,4.7,3,70,0,C,,,
30-03-2024,24.6,34.8,28.6,85,4.5,5.7,2,30,0,C,,,
31-03-2024,25.2,3.2,27.9,85,8888,6.4,3,140,0,C,,,
01-04-2024,24.8,2.2,28.3,84,5.8,4.1,3,80,1,C,,,
02-04-2024,25.4,34.4,29.5,83,1.1,5.7,2,350,0,C,,,
03-04-2024,26.2,1.2,28.1,89,5.2,5.3,3,150,1,C,,,
04-04-2024,21.2,34.6,28.6,86,52,3.4,2,320,1,C,,,
05-04-2024,26.2,3.2,30.1,76,1.4,4.8,3,300,1,NW,,,
06-04-2024,26.4,33.6,28.1,83,0,6.5,3,70,1,C,,,
07-04-2024,24.2,35.2,29.2,80,21.1,4.7,3,330,1,C,,,
08-04-2024,24.6,34.8,29.1,82,5.8,8.2,5,160,1,C,,,
09-04-2024,24.8,30.3,27,91,87.7,8.2,3,150,1,C,,,
10-04-2024,24.2,1.2,28.5,83,13.5,30.12,2,310,0,C,,,
11-04-2024,25.2,2.2,29.2,82,30.12,5.4,2,60,0,C,,,
12-04-2024,25.2,33.2,27.4,90,7.1,7.4,2,10,0,C,,,
13-04-2024,25.2,34.4,29.7,81,9,2.2,2,200,0,C,,,
14-04-2024,25.2,2.2,28.8,85,0,8.7,3,60,0,C,,,
15-04-2024,26.2,32.8,29.1,84,1.9,4.4,2,360,1,C,,,
16-04-2024,25.1,34.6,29.7,80,0,4.4,2,280,1,C,,,
17-04-2024,25.4,35.2,28.8,85,0,8.2,3,320,1,C,,,
18-04-2024,25.2,35.2,27.8,87,5.1,5.4,4,120,1,C,,,
19-04-2024,20.2,33.1,28.7,86,3.4,4.8,2,70,0,C,,,
20-04-2024,25.4,34.4,29.6,82,30.12,3.5,3,70,0,C,,,
21-04-2024,26,34.6,27.7,86,0,4.4,5,140,1,C,,,
22-04-2024,24.8,34.8,29.1,82,5.1,3.7,2,110,0,C,,,
23-04-2024,25.8,32.6,28.5,87,30.12,8.1,3,80,1,C,,,
24-04-2024,25.6,33.6,29.6,84,1.5,4.1,1,340,0,C,,,
25-04-2024,26.6,34.4,29.3,83,0,5.4,3,200,1,C,,,
26-04-2024,26.4,34.4,29.7,81,8888,6.3,3,60,1,C,,,
27-04-2024,24.1,34.6,29.5,81,0.4,7.4,3,80,1,C,,,
28-04-2024,25.8,34.3,29.3,82,4.5,5.5,2,100,0,C,,,
29-04-2024,25.1,34.6,29.8,83,18.3,7.9,2,350,0,C,,,
30-04-2024,26.2,3.2,29.1,80,0,6.3,2,60,1,C,,,
01-05-2024,26.6,2.2,29.7,79,-,6.9,2,60,1,C,,,
02-05-2024,26.8,34.3,29.8,80,0,1.9,2,190,0,C,,,
03-05-2024,25.8,34.8,29.9,77,0,4.4,2,170,0,C,,,
04-05-2024,26.4,35.2,29.9,66,0,7.2,3,180,2,S,,,
05-05-2024,25.2,35.2,29.4,70,30.12,8.5,3,160,1,S,,,
06-05-2024,24.1,3.2,29.1,72,0,7.1,3,200,1,C,,,
07-05-2024,23.6,35.4,29.2,71,30.12,8.3,2,350,1,C,,,
08-05-2024,24.3,34.8,29.5,75,0,8.1,2,100,0,C,,,
09-05-2024,25.4,34.7,29.7,79,0,8.3,2,60,0,C,,,
10-05-2024,25.6,34.6,29.6,76,0,8.7,3,70,1,C,,,
11-05-2024,26.4,35.2,29.9,76,30.12,7.2,3,60,1,C,,,
12-05-2024,26.2,34.8,29.6,78,0,7.1,3,60,1,C,,,
13-05-2024,26.4,34.4,29.3,79,8888,5.1,2,70,0,C,,,
14-05-2024,25.1,34.8,29.5,77,0,5.2,3,70,0,C,,,
15-05-2024,25.2,35.4,29.9,76,0,5.7,2,60,1,C,,,
16-05-2024,25.3,33.6,29,76,0,8.8,3,70,0,C,,,
17-05-2024,25.2,3.2,29.5,74,30.12,7.9,3,60,1,C,,,
18-05-2024,25.4,35.2,29.1,72,30.12,7.8,2,70,1,C,,,
19-05-2024,25.6,34.4,29.1,69,0,8.2,3,190,1,S,,,
20-05-2024,24.6,34.8,29.5,71,0,8.6,3,60,1,C,,,
21-05-2024,24.8,34.4,29.4,74,0,7.1,2,50,0,C,,,
22-05-2024,25.2,34.3,29.3,76,0,5.4,3,60,1,C,,,
23-05-2024,25.6,34.2,29.3,80,0,7.4,3,230,1,C,,,
24-05-2024,26.4,33.8,28.9,82,1.5,5.8,2,80,0,C,,,
25-05-2024,25.6,29.9,27.3,91,5.8,3.2,3,300,1,C,,,
26-05-2024,25.1,34.6,29.1,77,2.4,0,1,310,0,C,,,
27-05-2024,24.6,35.2,29.6,78,0,6.7,2,50,0,C,,,
28-05-2024,25.2,35.6,29.8,78,0,8.3,3,60,1,C,,,
29-05-2024,25.4,34.6,29.7,77,30.12,8.3,4,70,1,C,,,
30-05-2024,25.2,35.2,29.6,78,0,9.1,2,90,0,C,,,
31-05-2024,25.2,35.3,29.7,78,0,8.3,3,60,0,C,,,
01-06-2024,25.4,2.2,28.1,80,0,8.2,2,60,0,C,,,
02-06-2024,25.2,34.2,28.7,82,30.12,0.3,2,330,0,C,,,
03-06-2024,25.6,33.8,27.3,87,30.12,3.8,1,100,0,C,,,
04-06-2024,24.1,34.1,28.8,79,52.7,1.6,2,80,0,C,,,
05-06-2024,24.6,34.4,28.5,72,0,6.1,3,190,1,C,,,
06-06-2024,22.6,34.8,28.9,75,0,8.5,2,50,0,C,,,
07-06-2024,23.4,35,28.1,77,0,8.7,1,100,0,C,,,
08-06-2024,23.8,34.3,29,79,0,7.4,2,70,0,C,,,
09-06-2024,24.2,2.2,28.5,82,0,8.6,2,60,0,C,,,
10-06-2024,24.6,34.2,29.2,80,30.12,4.1,3,60,0,C,,,
11-06-2024,25.8,34.3,28.7,82,30.12,7.8,3,70,1,C,,,
12-06-2024,25.2,33.9,28.2,81,30.12,2.7,3,70,1,C,,,
13-06-2024,24.1,31.4,27.7,86,30.12,6.8,2,80,0,C,,,
14-06-2024,24.6,33.4,28.9,81,0,0.4,2,60,0,C,,,
15-06-2024,25.4,1.2,28.6,81,1.5,7.8,2,80,1,C,,,
16-06-2024,24.1,34.5,28.8,76,0,4.6,2,70,1,C,,,
17-06-2024,23.6,2.2,28.2,77,0,8.2,3,60,0,C,,,
18-06-2024,24.2,32.8,28.2,82,8888,8.7,2,70,0,C,,,
19-06-2024,24.2,34.2,28.1,74,0,1.5,3,340,1,C,,,
20-06-2024,23.2,33.8,27.6,74,0,7.9,3,70,1,C,,,
21-06-2024,22,34.2,27.9,75,0,8.7,3,180,1,C,,,
22-06-2024,22.8,33.4,27.8,72,0,8.6,3,170,1,C,,,
23-06-2024,23.8,34.7,28.7,72,0,8.5,2,170,1,C,,,
24-06-2024,24.7,32.4,27.1,82,0,5.5,3,60,1,C,,,
25-06-2024,24.6,2.2,28.1,81,30.12,1.3,2,330,1,C,,,
26-06-2024,24.2,34.2,28.5,78,30.12,0,3,70,1,C,,,
27-06-2024,24.2,33.9,28.8,80,0,6.2,2,70,0,C,,,
28-06-2024,23.4,34.4,28.1,78,30.12,7.7,2,50,1,C,,,
29-06-2024,24.1,33.2,27.7,82,0,7.1,2,90,1,C,,,
30-06-2024,24.6,33.9,28.9,75,0,2.1,2,340,1,C,,,
01-07-2024,24.6,34,28.6,77,0,8.8,3,70,1,C,,,
02-07-2024,24.8,34,28.6,77,8888,5.5,2,60,1,C,,,
03-07-2024,24.4,34.2,29.2,76,0,7.4,2,340,0,C,,,
04-07-2024,25.2,32.3,26.3,88,0,6.9,2,90,0,C,,,
05-07-2024,23.6,31.8,27.2,82,33.6,6.9,3,80,1,C,,,
06-07-2024,23.4,30,24.1,94,46,1.9,3,190,1,C,,,
07-07-2024,22.4,32.5,27,85,75.5,0,1,70,0,C,,,
08-07-2024,-,33.1,-,-,-,-,2,90,0,C,,,
09-07-2024,23.6,32.6,28,83,0,7.5,2,60,1,SE,,,
10-07-2024,23.2,32.4,27.3,77,0,4.8,3,70,1,C,,,
11-07-2024,23,33.6,27,71,0,7.5,5,180,2,S,,,
12-07-2024,21,33,25.8,72,0,8,3,180,1,C,,,
13-07-2024,20.4,33.4,25.6,72,0,7.7,5,180,2,S,,,
14-07-2024,23.6,32.2,27.3,58,0,8,5,180,2,S,,,
15-07-2024,22.6,33,27.2,65,0,8,5,180,2,S,,,
16-07-2024,21.8,34,26.9,69,0,7.3,3,190,1,C,,,
17-07-2024,22.6,33.4,26.7,73,0,8,2,60,0,C,,,
18-07-2024,23.6,32.6,27.1,79,0,6.2,2,70,1,C,,,
19-07-2024,22.8,32.8,27.2,75,0,5.3,4,180,1,S,,,
20-07-2024,24.4,34,28,61,0,8,4,160,2,S,,,
21-07-2024,22.4,33.8,27,70,0,8,4,180,1,S,,,
22-07-2024,24.1,34.2,28.1,65,0,8,3,170,2,S,,,
23-07-2024,24.2,33.8,28,65,0,8,2,230,1,C,,,
24-07-2024,25,34.4,28.8,65,0,8,3,160,1,C,,,
25-07-2024,23.4,33.6,27.6,73,8888,5.9,2,60,1,C,,,
26-07-2024,24.2,33.4,28.1,74,0,8,4,110,1,C,,,
27-07-2024,21.6,33.8,27.6,72,0,8,2,80,1,C,,,
28-07-2024,22.4,34.2,27.1,70,0,8,5,180,2,S,,,
29-07-2024,23.8,34.6,28,67,0,8,3,180,1,S,,,
30-07-2024,22.3,35.2,27.3,72,0,8,2,190,1,C,,,
31-07-2024,22.6,35.2,27.4,75,0,8,2,50,1,C,,,
01-08-2024,25,33.2,28.2,75,0,8,2,50,1,NE,,,
02-08-2024,24.4,31.8,26.9,86,0,4.8,2,70,1,C,,,
03-08-2024,24.6,33.2,28.4,78,8888,3.2,2,100,1,C,,,
04-08-2024,24.4,35,28.4,75,0,6.3,4,170,1,S,,,
05-08-2024,22.4,35,27.3,72,0,8,2,90,1,C,,,
06-08-2024,22.4,35,27.7,70,0,8,3,170,2,S,,,
07-08-2024,23.8,34,28.1,64,0,8,2,180,1,C,,,
08-08-2024,24.6,33,27.9,76,0,6.8,3,190,2,S,,,
09-08-2024,26,32.9,28.9,65,0,2.7,2,210,1,S,,,
10-08-2024,25.2,34.8,29.2,72,0,5.5,3,50,1,C,,,
11-08-2024,23.4,32.8,27.3,68,0,5.6,6,180,4,S,,,
12-08-2024,23.2,33.6,27.6,55,0,8,3,220,1,S,,,
13-08-2024,20.4,35.6,26.6,65,0,8,4,70,1,S,,,
14-08-2024,21.8,34.4,27.4,72,0,8,4,170,2,S,,,
15-08-2024,23.8,33.8,28.3,60,0,8,5,190,3,S,,,
16-08-2024,24,35,28.5,60,0,8,4,170,1,C,,,
17-08-2024,23,35.6,27.8,71,0,7.8,3,50,1,C,,,
18-08-2024,22.8,35.4,27.9,76,0,8,3,180,1,S,,,
19-08-2024,25,35.8,29,65,0,8,4,190,1,S,,,
20-08-2024,23.4,35.4,28.6,69,0,8,4,170,1,S,,,
21-08-2024,23.8,35.6,28.3,67,0,8,2,40,1,C,,,
22-08-2024,24.6,34.8,28.6,70,0,8,2,20,1,C,,,
23-08-2024,24.4,35.1,28.3,76,0,4.9,3,200,1,S,,,
24-08-2024,24,35,28,64,0,7.8,5,180,2,S,,,
25-08-2024,22.6,33.4,27.7,66,0,8,3,160,1,S,,,
26-08-2024,23.4,35,29,67,0,6.3,5,180,2,S,,,
27-08-2024,26.2,34,28.7,60,0,7.7,5,170,3,S,,,
28-08-2024,24.5,36,29.9,55,0,8,3,180,2,S,,,
29-08-2024,26,35,29.6,56,0,7.5,6,170,3,S,,,
30-08-2024,24.2,35.2,28.9,63,0,3.8,3,150,1,S,,,
31-08-2024,23.8,36.2,28.6,66,0,8,3,180,1,C,,,
01-09-2024,25.2,35.9,29.8,68,0,8,2,60,1,C,,,
02-09-2024,25.4,36.6,29.9,71,0,8,4,180,1,S,,,
03-09-2024,25.2,35.4,29.1,61,0,8,4,180,2,S,,,
04-09-2024,23.6,36.4,28.9,69,0,8,3,50,1,NE,,,
05-09-2024,26,34.2,29.3,72,0,8,2,120,1,C,,,
06-09-2024,25.2,35.6,29.6,70,0,3.8,3,180,1,NE,,,
07-09-2024,26,35.8,30.5,56,0,7.6,4,90,1,S,,,
08-09-2024,25.8,35,30,69,8888,8,2,150,1,C,,,
09-09-2024,25.6,35.5,29.3,73,0.2,6.4,4,60,1,NE,,,
10-09-2024,24.4,33.4,28.5,76,1.3,6.6,2,30,0,C,,,
11-09-2024,24.2,32.4,27.6,82,23.5,2.3,2,300,1,C,,,
12-09-2024,24.2,35,28.4,76,8888,0.1,2,180,1,C,,,
13-09-2024,24.2,35.1,29,62,0,8,5,190,2,S,,,
14-09-2024,24.4,35,28.8,64,0,8,4,170,2,S,,,
15-09-2024,23,34.8,27.9,67,0,8,3,180,1,S,,,
16-09-2024,24,35.4,29.2,54,0,8,4,300,2,S,,,
17-09-2024,20.8,35.6,27.6,63,0,8,4,180,2,S,,,
18-09-2024,25.2,35.2,29.1,53,0,8,4,170,1,S,,,
19-09-2024,22.2,35.8,28,62,0,8,2,220,1,C,,,
20-09-2024,22.6,35.8,28.3,67,0,8,2,40,1,C,,,
21-09-2024,24.2,35.2,28.7,71,0,8,2,40,0,C,,,
22-09-2024,25.2,35.4,29.6,73,0,7.9,2,30,1,NE,,,
23-09-2024,26.8,34.3,29.6,78,8888,6.9,3,70,1,C,,,
24-09-2024,26,33.2,26.6,87,8888,3.7,2,200,1,C,,,
25-09-2024,23.5,35.4,27.7,78,6.5,2.2,5,120,1,C,,,
26-09-2024,24,35.6,28.1,78,3.5,5.6,3,80,1,C,,,
27-09-2024,23.2,35,28.6,79,90.3,6.3,3,60,1,C,,,
28-09-2024,26,35.5,29.9,76,0,8,3,50,1,C,,,
29-09-2024,25.2,35.6,29.7,74,0,8,3,60,1,C,,,
30-09-2024,25,36.2,29.6,72,0,8,3,30,1,NE,,,
01-10-2024,25,36,30.2,71,0,8,3,60,1,C,,,
02-10-2024,25.8,36.2,30.2,68,0,8,2,200,1,C,,,
03-10-2024,26.2,35.7,29.9,69,0,7.8,4,50,1,C,,,
04-10-2024,25,35.4,29.4,70,0,6.7,3,50,1,C,,,
05-10-2024,26.4,35,29.6,73,0,7.4,3,140,1,C,,,
06-10-2024,25.4,36,30,66,0,6.5,4,70,1,C,,,
07-10-2024,24.6,36.6,29.9,70,0,8,5,90,2,C,,,
08-10-2024,24.6,36.4,29.2,71,0,8,3,40,1,C,,,
09-10-2024,25.2,36.4,29.4,75,0,7.3,3,50,1,C,,,
10-10-2024,24.4,36.4,29.9,71,0,6.9,4,60,1,NE,,,
11-10-2024,26,36.8,30.6,68,0,8,4,60,1,C,,,
12-10-2024,26,37,30.5,71,0,8,4,50,1,NE,,,
13-10-2024,26,36,30.3,72,0,8,3,40,1,C,,,
14-10-2024,25.4,35.4,29.5,75,0,8,2,20,1,C,,,
15-10-2024,25.4,36.2,29.9,70,0,4.8,5,200,1,C,,,
16-10-2024,24.6,36.6,29,57,0,5.9,7,180,3,S,,,
17-10-2024,23.2,35.6,28.3,58,0,7.9,4,190,2,S,,,
18-10-2024,23.2,36.3,28.9,67,0,8,3,90,1,C,,,
19-10-2024,24.4,35.4,29.4,68,0,8,3,50,1,C,,,
20-10-2024,24.1,35.8,28.2,72,0,6.1,3,140,1,C,,,
21-10-2024,25.2,36.2,29,72,0,5.6,3,310,1,C,,,
22-10-2024,24.4,36,27.9,79,0,6.7,3,60,1,SE,,,
23-10-2024,25,36.2,29.7,70,27,7.9,5,190,2,S,,,
24-10-2024,26.3,36.2,30.6,61,0,6.7,3,190,1,C,,,
25-10-2024,25.6,36,29.8,66,0,8,3,340,2,S,,,
26-10-2024,25.6,36.4,29.1,71,2,7.4,2,140,1,C,,,
27-10-2024,25.2,37.4,29.2,74,5.5,8,3,160,1,C,,,
28-10-2024,25.4,36.5,30.2,74,0,8,3,230,1,C,,,
29-10-2024,26,36.8,31.1,68,0,8,3,60,1,S,,,
30-10-2024,26.2,36,30.7,64,0,8,2,140,1,S,,,
31-10-2024,25.8,36.8,30.7,67,0,7.8,3,50,1,C,,,
01-11-2024,25.8,33.8,27,83,0,8,2,150,0,C,,,
02-11-2024,25.2,35.6,27.5,81,3.9,2.4,4,150,1,C,,,
03-11-2024,25,32.5,27.9,85,8888,5.5,3,70,1,C,,,
04-11-2024,24.8,32,26.2,89,8888,0.9,2,140,0,C,,,
05-11-2024,24.6,35,29.1,77,6,1.9,3,60,1,NE,,,
06-11-2024,25.2,35,29.1,78,0.7,6.9,4,60,1,C,,,
07-11-2024,25.2,35,28.8,75,0,4,4,90,0,C,,,
08-11-2024,25.4,35.7,29.8,74,12.5,6.2,3,80,1,C,,,
09-11-2024,25.8,35.4,28.4,81,0,8,3,100,1,C,,,
10-11-2024,25.4,35,29.1,79,15.5,5.1,3,280,1,C,,,
11-11-2024,24.2,33.4,27.2,88,28,4.9,4,160,1,C,,,
12-11-2024,23.6,34,28,83,23,3.6,3,60,1,C,,,
13-11-2024,24.4,35.4,29.2,75,0,7.7,4,60,1,C,,,
14-11-2024,25.2,35.8,30,74,1.5,8,3,70,1,C,,,
15-11-2024,25.6,35.8,29.8,75,0,8,2,70,0,C,,,
16-11-2024,25.6,32.6,29,78,0,1.8,2,50,1,C,,,
17-11-2024,25.8,34.1,27.9,83,0,0,4,300,1,C,,,
18-11-2024,25,33.5,27,87,1.3,4.5,2,330,0,C,,,
19-11-2024,25,34.2,26.9,86,14,5.8,6,320,1,C,,,
20-11-2024,24.4,33.8,27.3,85,16.7,3.7,3,200,0,C,,,
21-11-2024,24.2,33.6,27.8,85,23.2,5.7,4,320,1,C,,,
22-11-2024,24.4,32.9,27.7,84,10.2,4.1,3,300,1,C,,,
23-11-2024,25,33,27.3,86,4.5,5.1,3,300,1,C,,,
24-11-2024,25,33.2,26.6,89,6.3,2.6,4,270,1,C,,,
25-11-2024,24.4,34,28.7,83,74.5,3.7,2,250,0,C,,,
26-11-2024,24.6,33.6,28.3,86,22.5,3.2,3,340,0,C,,,
27-11-2024,24.6,33.2,27.1,88,2,2.2,2,140,1,C,,,
28-11-2024,24.6,34,27.7,87,24.2,3.8,4,160,1,C,,,
29-11-2024,25,34.4,27.3,89,18.2,3.9,3,260,1,C,,,
30-11-2024,24.2,32.5,28.1,85,25.7,5.4,2,100,1,C,,,
01-12-2024,25.6,34,28,85,8888,2.5,3,130,1,C,,,
02-12-2024,25.2,29.8,27.4,87,11.5,2.8,2,80,0,C,,,
03-12-2024,25.8,31.2,27,89,8888,0,8,260,1,C,,,
04-12-2024,24.2,31.2,27,89,23.5,0,2,300,0,C,,,
05-12-2024,25.4,32.9,28.3,83,0.5,0.3,4,290,1,NW,,,
06-12-2024,25.4,31.2,27.7,83,8888,2.3,4,300,1,C,,,
07-12-2024,25.4,33.2,28.6,85,0.2,2.3,4,300,1,C,,,
08-12-2024,25.6,33.6,29.1,81,8888,4.4,4,320,1,NW,,,
09-12-2024,23.2,31,26,90,28.5,2.2,4,300,1,C,,,
10-12-2024,23.6,34,27.5,84,1,0,4,300,1,C,,,
11-12-2024,25,34.8,29.3,79,9.3,4.4,4,310,1,C,,,
12-12-2024,26.6,35,30.1,75,0,4.9,3,330,1,C,,,
13-12-2024,26.8,35.2,29.7,79,0,2.7,5,300,2,C,,,
14-12-2024,26.6,32.4,28.5,81,3,6.7,3,290,1,C,,,
15-12-2024,26,31.8,28,82,0.2,0.3,4,300,1,C,,,
16-12-2024,25.2,33,27.9,83,0.3,0.2,4,300,1,C,,,
17-12-2024,25.6,33.6,29,81,0.2,3.6,4,330,1,C,,,
18-12-2024,25.8,32,28.6,82,0,5.6,2,290,1,C,,,
19-12-2024,25.2,34.2,28.5,79,0.5,0.6,5,300,3,NW,,,
20-12-2024,25.2,33.8,27.7,82,0,6.5,5,300,2,NW,,,
21-12-2024,25.4,32.4,28.3,78,6.3,6.3,4,310,1,C,,,
22-12-2024,25.8,32,28.7,83,0.4,3,4,310,1,C,,,
23-12-2024,25.2,31.4,27.2,91,9.7,2.3,3,280,1,C,,,
24-12-2024,25.8,32,27.6,87,0.3,1.7,4,300,1,C,,,
25-12-2024,25.6,32,27.4,88,0.3,0,4,300,2,C,,,
26-12-2024,24,32.8,27.8,83,7.6,1.8,3,60,1,C,,,
27-12-2024,25,34.4,28.4,83,8888,2.9,3,140,1,C,,,
28-12-2024,22.4,33.2,27.8,87,46.5,4.5,2,320,0,C,,,
29-12-2024,25,33.2,28.4,83,0.4,3.5,4,320,1,C,,,
30-12-2024,25.8,33.4,28.2,83,8888,4.2,4,280,1,C,,,
31-12-2024,25.2,32.4,27.9,81,3.5,3.9,5,300,2,C,,,